Modèle,Paramètres (M),F1 (%),Exact Match (%),Temps Entraînement (min),Inférence (ms),Échantillons Train,Échantillons Eval,Efficacité
DeBERTa,183.83309,93.01473787274658,86.5752128666036,133.7895169019699,32.77313709259033,87599,10570,2.8381395900539608
RoBERTa,124.056578,91.95973256997178,85.6480605487228,101.91337714592616,7.544159889221191,87599,10570,12.189525927381304
DistilBERT,66.364418,84.41070434105153,75.80889309366131,55.61639648278554,3.21042537689209,87599,10570,26.292685370798694
